<?xml version="1.0" encoding="UTF-8"?>
<!-- 
XML Security Library example: Original XML doc file before encryption (encrypt3 example). 
-->
<EncryptedData xmlns="http://www.w3.org/2001/04/xmlenc#" Type="http://www.w3.org/2001/04/xmlenc#Element">
<EncryptionMethod Algorithm="http://www.w3.org/2001/04/xmlenc#tripledes-cbc"/>
<KeyInfo xmlns="http://www.w3.org/2000/09/xmldsig#">
<EncryptedKey xmlns="http://www.w3.org/2001/04/xmlenc#">
<EncryptionMethod Algorithm="http://www.w3.org/2001/04/xmlenc#rsa-1_5"/>
<KeyInfo xmlns="http://www.w3.org/2000/09/xmldsig#">
<KeyName>rsakey.pem</KeyName>
</KeyInfo>
<CipherData>
<CipherValue>QYYKljhcX20QyP20hYmq8CSES875oIdbrsjMOxnb0VnYDn01Jk00OIPpb9gdIdZg
MLOtSy26mWrQ+XqfPGuyaA==</CipherValue>
</CipherData>
</EncryptedKey>
</KeyInfo>
<CipherData>
<CipherValue>+UiDv73SE8K8KwXuOmHLHK7N2hNWDakTAEu6NprbCdULC1w/LXT9FLtNRJetmwwO
XpBqTY56AAMeMgpxPWN3SPO0ETeQw7pR+bp0IjUvcGlFSXz6yE1qgQ==</CipherValue>
</CipherData>
</EncryptedData>
